{"cameraMode":{"drawMode":0,"name":"Shaded","section":"Shading Mode"},"sceneLighting":false,"audioPlay":false,"sceneViewState":{"m_AlwaysRefresh":false,"showFog":true,"showSkybox":false,"showFlares":true,"showImageEffects":true,"showParticleSystems":true,"showVisualEffectGraphs":true,"m_FxEnabled":true},"in2DMode":false,"pivot":{"x":2.6096749305725099,"y":0.0023099929094314577,"z":0.0002566426992416382},"rotation":{"x":0.1377328634262085,"y":0.8604978322982788,"z":-0.3796451687812805,"w":0.3115096390247345},"size":0.11532945185899735,"orthographic":false}