{"cameraMode":{"drawMode":0,"name":"Shaded","section":"Shading Mode"},"sceneLighting":false,"audioPlay":false,"sceneViewState":{"m_AlwaysRefresh":false,"showFog":true,"showSkybox":false,"showFlares":true,"showImageEffects":true,"showParticleSystems":true,"showVisualEffectGraphs":true,"m_FxEnabled":true},"in2DMode":false,"pivot":{"x":1.2777422666549683,"y":-0.8698849678039551,"z":-0.10199996083974838},"rotation":{"x":0.11154936999082566,"y":0.7903342843055725,"z":-0.15117762982845307,"w":0.5831677317619324},"size":1.1784714460372925,"orthographic":false}