{"cameraMode":{"drawMode":0,"name":"Shaded","section":"Shading Mode"},"sceneLighting":false,"audioPlay":false,"sceneViewState":{"m_AlwaysRefresh":false,"showFog":true,"showSkybox":false,"showFlares":true,"showImageEffects":true,"showParticleSystems":true,"showVisualEffectGraphs":true,"m_FxEnabled":true},"in2DMode":false,"pivot":{"x":-0.0027216076850891115,"y":0.002981424331665039,"z":-3.0236029624938967},"rotation":{"x":0.10930447280406952,"y":0.832036554813385,"z":-0.17596440017223359,"w":0.5151633024215698},"size":0.7092126607894898,"orthographic":false}