{"cameraMode":{"drawMode":0,"name":"Shaded","section":"Shading Mode"},"sceneLighting":false,"audioPlay":false,"sceneViewState":{"m_AlwaysRefresh":false,"showFog":true,"showSkybox":false,"showFlares":true,"showImageEffects":true,"showParticleSystems":true,"showVisualEffectGraphs":true,"m_FxEnabled":true},"in2DMode":false,"pivot":{"x":-0.048798203468322757,"y":-0.08202731609344483,"z":2.9841346740722658},"rotation":{"x":0.20003479719161988,"y":-0.6575085520744324,"z":0.18738527595996858,"w":0.702065646648407},"size":1.4259498119354249,"orthographic":false}