{"cameraMode":{"drawMode":0,"name":"Shaded","section":"Shading Mode"},"sceneLighting":true,"audioPlay":false,"sceneViewState":{"m_AlwaysRefresh":false,"showFog":true,"showSkybox":true,"showFlares":true,"showImageEffects":true,"showParticleSystems":true,"showVisualEffectGraphs":true,"m_FxEnabled":true},"in2DMode":false,"pivot":{"x":18.63067626953125,"y":39.695220947265628,"z":66.06053924560547},"rotation":{"x":0.16339698433876038,"y":-0.7664762735366821,"z":0.21465818583965302,"w":0.5832235217094421},"size":0.09601878374814987,"orthographic":false}