{"cameraMode":{"drawMode":0,"name":"Shaded","section":"Shading Mode"},"sceneLighting":true,"audioPlay":false,"sceneViewState":{"m_AlwaysRefresh":false,"showFog":true,"showSkybox":true,"showFlares":true,"showImageEffects":true,"showParticleSystems":true,"showVisualEffectGraphs":true,"m_FxEnabled":true},"in2DMode":false,"pivot":{"x":-36.435455322265628,"y":18.473825454711915,"z":30.93060874938965},"rotation":{"x":0.08103948831558228,"y":-0.8129292130470276,"z":0.1166282668709755,"w":0.5648064017295837},"size":0.22661374509334565,"orthographic":false}